<?xml version="1.0" encoding="utf-8"?>
<iTeroExport Version="3.0">
	<RxInfo>
		<OrderID>144406662</OrderID>
		<OrderCode>051CA2EZ</OrderCode>
		<CaseTypeID>34</CaseTypeID>
		<CaseTypeName>Invisalign + iRecord</CaseTypeName>
		<ChartNumber>13503</ChartNumber>
		<Patient>Dinesh, Patel</Patient>
		<Doctor>Dr. Dhanani, Tejal</Doctor>
		<DoctorID>748101</DoctorID>
		<DoctorLicense>35370</DoctorLicense>
		<DoctorCompanyID>99361</DoctorCompanyID>
		<DueDate>11/15/2023</DueDate>
		<LabID>-1</LabID>
		<PracticeShipToAddress>681 S Main St Lumberton Texas United States 77657-7378</PracticeShipToAddress>
		<ExportTime>11/15/2023 19:27:33</ExportTime>
		<UtcOffset>0</UtcOffset>
		<CaaSVersion>0.8.3.12</CaaSVersion>
		<iTeroVersion>2.11.0.365</iTeroVersion>
	</RxInfo>
	<ExportedObjects>
		<Object ObjectType="Image" SubType="Gallery" FileName="gallery_#144406662.jpg"/>
		<Object ObjectType="Surface" SubType="Jaw" JawId="Lower" FileName="144406662_shell_occlusion_l.ply"/>
		<Object ObjectType="Surface" SubType="Jaw" JawId="Lower" FileName="144406662_shell_occlusion_l.stl"/>
		<Object ObjectType="Surface" SubType="Jaw" JawId="Upper" FileName="144406662_shell_occlusion_u.ply"/>
		<Object ObjectType="Surface" SubType="Jaw" JawId="Upper" FileName="144406662_shell_occlusion_u.stl"/>
	</ExportedObjects>
	<ActualUsedTransforms>
		<Transformation>-1.000000 -0.000000 0.000000 0.000000 0.000000 -1.000000 0.000000 0.000000 0.000000 0.000000 1.000000 0.000000 0.000000 0.000000 0.000000 1.000000</Transformation>
		<Transformation>-1.000000 -0.000000 0.000000 0.000000 0.000000 -1.000000 0.000000 0.000000 0.000000 0.000000 1.000000 0.000000 0.000000 0.000000 0.000000 1.000000</Transformation>
		<Transformation>-1.000000 -0.000000 0.000000 0.000000 0.000000 -1.000000 0.000000 0.000000 0.000000 0.000000 1.000000 0.000000 0.000000 0.000000 0.000000 1.000000</Transformation>
		<Transformation>-1.000000 -0.000000 0.000000 0.000000 0.000000 -1.000000 0.000000 0.000000 0.000000 0.000000 1.000000 0.000000 0.000000 0.000000 0.000000 1.000000</Transformation>
	</ActualUsedTransforms>
</iTeroExport>
