<?xml version="1.0" encoding="utf-8"?>
<iTeroExport Version="5.0">
	<RxInfo>
		<OrderID>144406662</OrderID>
		<OrderCode>051CA2EZ</OrderCode>
		<Modeled>False</Modeled>
		<FilePath/>
		<ExportTime>11/15/2023 19:27:33</ExportTime>
		<UtcOffset>0</UtcOffset>
		<LabTechnician/>
		<Patient>Dinesh, Patel</Patient>
		<UniquePatientIdentifier>35534ba9-576f-4f32-b92c-83462cc34f1a</UniquePatientIdentifier>
		<ChartNumber>13503</ChartNumber>
		<Doctor>Dr. Dhanani, Tejal</Doctor>
		<DoctorLicense>35370</DoctorLicense>
		<DoctorID>748101</DoctorID>
		<LabName/>
		<LabID/>
		<PracticeShipToAddress>681 S Main St Lumberton Texas United States 77657-7378</PracticeShipToAddress>
		<DueDate>11/15/2023</DueDate>
		<ScanRange>
			<UpperRange FromAdaId="1" ToAdaId="16"/>
			<LowerRange FromAdaId="17" ToAdaId="32"/>
		</ScanRange>
		<CaaSVersion>0.8.3.12</CaaSVersion>
		<iTeroVersion>2.11.0.365</iTeroVersion>
		<ExportScheme/>
		<ToothShadeSystem>VITA Lumin</ToothShadeSystem>
		<Procedure>1</Procedure>
		<ProcedureType>0</ProcedureType>
		<Teeth/>
		<Denture>
			<DentureShadeSystem>-1</DentureShadeSystem>
			<DentureTeethShade/>
			<DentureGingivalShade/>
			<DentureMould/>
			<DentureStage/>
			<UpperJaw>False</UpperJaw>
			<LowerJaw>False</LowerJaw>
			<DentureCopyScan>False</DentureCopyScan>
		</Denture>
		<TreatmentStage>0</TreatmentStage>
		<TeethBuccalTransforms/>
		<Bridges/>
		<Notes/>
		<Local_iDE CADCAMSystemTypeID="0" SelectedCadcamSystemName=""/>
		<iDE_Order ProductionCenterID="0" CADCAMSystemTypeID="0" SelectedProductionCenterName="" SelectedCadcamSystemName=""/>
		<CA_Order ProductionCenterID="0" SelectedProductionCenterName=""/>
		<DoctorCompanyID>99361</DoctorCompanyID>
	</RxInfo>
	<RxDefines>
		<RestorationTypes/>
		<Procedure>
			<Type Id="1" Name="Study Model / iRecord"/>
		</Procedure>
		<ProcedureType/>
		<Specification/>
		<ImplantBasedRestoration/>
		<AbutmentType/>
		<PonticDesign/>
		<DentureShadeSystem>
			<Type Id="-1" Name="Other"/>
		</DentureShadeSystem>
		<DentureGingivalShade/>
		<DentureMould/>
		<DentureStage/>
		<TreatmentStage/>
		<BridgeTypes/>
		<ToothInBridgeTypes/>
		<Materials/>
		<ImplantTypes/>
	</RxDefines>
	<ExportedObjects>
		<Object ObjectType="Image" SubType="Gallery" FileName="gallery_#144406662.jpg"/>
		<Object ObjectType="Surface" SubType="Jaw" JawId="Lower" FileName="144406662_shell_occlusion_l.ply"/>
		<Object ObjectType="Surface" SubType="Jaw" JawId="Lower" FileName="144406662_shell_occlusion_l.stl"/>
		<Object ObjectType="Surface" SubType="Jaw" JawId="Upper" FileName="144406662_shell_occlusion_u.ply"/>
		<Object ObjectType="Surface" SubType="Jaw" JawId="Upper" FileName="144406662_shell_occlusion_u.stl"/>
	</ExportedObjects>
	<ActualUsedTransforms>
		<Transformation>-1.000000 -0.000000 0.000000 0.000000 0.000000 -1.000000 0.000000 0.000000 0.000000 0.000000 1.000000 0.000000 0.000000 0.000000 0.000000 1.000000</Transformation>
		<Transformation>-1.000000 -0.000000 0.000000 0.000000 0.000000 -1.000000 0.000000 0.000000 0.000000 0.000000 1.000000 0.000000 0.000000 0.000000 0.000000 1.000000</Transformation>
		<Transformation>-1.000000 -0.000000 0.000000 0.000000 0.000000 -1.000000 0.000000 0.000000 0.000000 0.000000 1.000000 0.000000 0.000000 0.000000 0.000000 1.000000</Transformation>
		<Transformation>-1.000000 -0.000000 0.000000 0.000000 0.000000 -1.000000 0.000000 0.000000 0.000000 0.000000 1.000000 0.000000 0.000000 0.000000 0.000000 1.000000</Transformation>
	</ActualUsedTransforms>
	<ScanBodyRecognitionData/>
</iTeroExport>
